{"cameraMode":{"drawMode":0,"name":"Shaded","section":"Shading Mode"},"sceneLighting":true,"audioPlay":false,"sceneViewState":{"showFog":true,"showMaterialUpdate":false,"showSkybox":true,"showFlares":true,"showImageEffects":true,"showParticleSystems":true},"in2DMode":false,"pivot":{"x":106.60247039794922,"y":25.02090835571289,"z":604.0550537109375},"rotation":{"x":0.01198990736156702,"y":-0.04048598185181618,"z":0.0004856460145674646,"w":0.999110996723175},"size":263.767333984375,"orthographic":true}